Country	Data Source	official_name_en	ISO3166-1-numeric	ISO3166-1-Alpha-3	ISO3166-1-Alpha-2	2000	2001	2002	2003	2004	2005	2006	2007	2008	2009	2010	2011	2012	2013	2014	2015	2016	2017	2018	2019	2020	2021	2022	2023	2024	2025	2026	2027	2028	2029	2030
Afghanistan	UN WPP2019	Afghanistan	4	AFG	AF	20779957	21606992	22600774	23680871	24726689	25654274	26433058	27100542	27722281	28394806	29185511	30117411	31161378	32269592	33370804	34413603	35383028	36296111	37171922	38041757	38928341	39835428	40754385	41681232	42608714	43531523	44449106	45363560	46275305	47185165	48093576
China, Taiwan Province of China	UN WPP2019	Taiwan	158	TWN	TW	21966528	22108715	22262297	22419785	22570229	22705719	22823846	22927222	23019042	23104542	23187556	23268760	23346898	23421582	23491976	23557473	23618201	23674546	23726460	23773881	23816775	23855008	23888600	23917880	23943319	23965154	23983359	23997588	24007365	24012114	24011257
Albania	UN WPP2019	Albania	8	ALB	AL	3129246	3129701	3126183	3118017	3104893	3086810	3063021	3033993	3002683	2973044	2948029	2928601	2914091	2903788	2896307	2890524	2886427	2884169	2882735	2880913	2877800	2872934	2866378	2858418	2849657	2840468	2830858	2820624	2809863	2798631	2786972
Aruba	UN WPP2019	Aruba	533	ABW	AW	90866	92892	94992	97016	98744	100028	100830	101226	101362	101452	101665	102050	102565	103165	103776	104339	104865	105361	105846	106310	106766	107195	107612	108012	108384	108750	109087	109419	109717	109997	110244
Algeria	UN WPP2019	Algeria	12	DZA	DZ	31042238	31451513	31855110	32264159	32692153	33149720	33641007	34166976	34730604	35333882	35977451	36661438	37383899	38140135	38923688	39728020	40551398	41389174	42228415	43053054	43851043	44616626	45350141	46053477	46731365	47387621	48022191	48634169	49225935	49800522	50360741
American Samoa	UN WPP2019	American Samoa	16	ASM	AS	57816	58496	59077	59495	59684	59557	59109	58367	57490	56675	56084	55755	55669	55717	55791	55806	55739	55617	55461	55312	55197	55103	55032	54982	54930	54896	54850	54820	54793	54759	54734
Andorra	UN WPP2019	Andorra	20	AND	AD	65390	67344	70048	73180	76250	78871	80995	82682	83860	84461	84454	83748	82427	80770	79213	77993	77295	76997	77008	77146	77265	77354	77460	77576	77685	77773	77851	77887	77900	77918	77927
Angola	UN WPP2019	Angola	24	AGO	AO	16395477	16945753	17519418	18121477	18758138	19433604	20149905	20905360	21695636	22514275	23356247	24220660	25107925	26015786	26941773	27884380	28842482	29816769	30809787	31825299	32866268	33933611	35027340	36148636	37298625	38478222	39688094	40928613	42199937	43501999	44834707
Anguilla	UN WPP2019	Anguilla	660	AIA	AI	11247	11520	11756	11993	12230	12442	12660	12862	13056	13248	13436	13612	13794	13952	14114	14279	14435	14588	14738	14872	15002	15125	15225	15325	15414	15511	15596	15683	15763	15839	15917
Antigua and Barbuda	UN WPP2019	Antigua and Barbuda	28	ATG	AG	76007	77212	78298	79311	80347	81462	82715	84029	85394	86743	88030	89250	90407	91510	92562	93571	94520	95425	96282	97115	97928	98728	99505	100272	101016	101719	102402	103067	103691	104302	104859
Argentina	UN WPP2019	Argentina	32	ARG	AR	36870796	37275644	37681743	38087866	38491970	38892924	39289876	39684303	40080159	40482786	40895751	41320497	41755188	42196034	42637508	43075416	43508459	43937143	44361150	44780675	45195777	45605823	46010234	46409173	46803051	47192095	47576268	47955216	48328513	48695628	49056162
Armenia	UN WPP2019	Armenia	51	ARM	AM	3069597	3050686	3033976	3017938	3000715	2981262	2958301	2932615	2907615	2888094	2877314	2876536	2884239	2897593	2912403	2925559	2936147	2944789	2951741	2957728	2963234	2968128	2971969	2974770	2976514	2977276	2977011	2975750	2973590	2970644	2967010
United Arab Emirates	UN WPP2019	United Arab Emirates	784	ARE	AE	3134067	3302722	3478769	3711931	4068577	4588222	5300172	6168846	7089486	7917368	8549998	8946778	9141598	9197908	9214182	9262896	9360975	9487206	9630966	9770526	9890400	9991083	10081782	10165150	10245002	10323858	10403136	10481269	10553951	10615252	10661076
Australia	UN WPP2019	Australia	36	AUS	AU	18991434	19194676	19401366	19624163	19879654	20178543	20526300	20916339	21332293	21750852	22154687	22538002	22903951	23254912	23596426	23932499	24262710	24584619	24898153	25203200	25499881	25788217	26068793	26343073	26612912	26879753	27144224	27406327	27666064	27923172	28177480
Austria	UN WPP2019	Austria	40	AUT	AT	8069276	8097755	8134403	8175855	8216810	8253657	8285345	8313731	8341525	8372658	8409945	8453501	8502230	8556191	8615205	8678667	8747306	8819902	8891383	8955108	9006400	9043072	9066712	9081181	9092313	9104435	9118656	9133798	9149226	9163511	9175689
Azerbaijan	UN WPP2019	Azerbaijan	31	AZE	AZ	8122743	8197295	8277066	8361434	8448938	8538610	8630153	8724237	8821869	8924383	9032465	9146277	9264684	9385467	9505616	9622741	9736041	9845316	9949537	10047719	10139175	10223344	10300196	10370490	10435341	10495689	10551674	10603359	10651431	10696685	10739736
Bahamas	UN WPP2019	Bahamas	44	BHS	BS	298045	302618	307657	313123	318893	324848	331032	337387	343680	349600	354936	359583	363581	367162	370625	374200	377923	381749	385635	389486	393248	396914	400515	404048	407522	410933	414274	417547	420734	423828	426810
Bahrain	UN WPP2019	Bahrain	48	BHR	BH	664610	697550	735140	778708	829846	889157	958423	1035924	1114645	1185075	1240864	1278153	1299942	1315029	1336073	1371853	1425793	1494077	1569440	1641164	1701583	1748295	1783985	1811996	1837728	1865087	1894879	1925732	1956738	1986341	2013419
Bangladesh	UN WPP2019	Bangladesh	50	BGD	BD	127657862	130088709	132478077	134791598	136986429	139035505	140921154	142660381	144304164	145924795	147575433	149273134	151005733	152761413	154517385	156256287	157977151	159685421	161376713	163046173	164689383	166303494	167885680	169431797	170937444	172399074	173813766	175180164	176498329	177769400	178993870
Barbados	UN WPP2019	Barbados	52	BRB	BB	271511	272494	273423	274331	275283	276320	277475	278701	279946	281107	282131	282987	283698	284294	284825	285327	285798	286229	286640	287021	287371	287708	288023	288314	288567	288801	288999	289167	289306	289395	289447
Belarus	UN WPP2019	Belarus	112	BLR	BY	9871635	9811399	9745932	9679235	9616628	9562083	9516884	9480514	9452855	9433159	9420576	9415316	9417045	9423502	9431742	9439424	9445638	9450233	9452615	9452409	9449321	9442867	9432804	9419494	9403529	9385441	9365302	9343086	9318852	9292717	9264777
Belgium	UN WPP2019	Belgium	56	BEL	BE	10282046	10319026	10364879	10419029	10480118	10546885	10619484	10697576	10778764	10859934	10938735	11013860	11085355	11154008	11221225	11287931	11354407	11419752	11482180	11539326	11589616	11632334	11668276	11699400	11728462	11757494	11787202	11817128	11846939	11875982	11903751
Belize	UN WPP2019	Belize	84	BLZ	BZ	247310	255068	262387	269428	276516	283798	291338	299031	306822	314655	322465	330236	338001	345707	353366	360926	368399	375775	383071	390351	397621	404915	412201	419429	426622	433725	440711	447615	454394	461066	467640
Benin	UN WPP2019	Benin	204	BEN	BJ	6865946	7076728	7295400	7520556	7750003	7982223	8216893	8454790	8696915	8944713	9199254	9460829	9729254	10004594	10286839	10575962	10872072	11175192	11485035	11801151	12123198	12451031	12784728	13124347	13470100	13822065	14180221	14544417	14914569	15290580	15672310
Burundi	UN WPP2019	Burundi	108	BDI	BI	6378871	6525546	6704118	6909161	7131688	7364857	7607850	7862226	8126104	8397661	8675606	8958406	9245992	9540302	9844301	10160034	10488002	10827010	11175379	11530577	11890781	12255429	12624845	12999141	13378732	13763925	14154616	14550637	14952170	15359506	15772827
Bermuda	UN WPP2019	Bermuda	60	BMU	BM	65017	65330	65652	65936	66156	66260	66240	66126	65940	65675	65389	65076	64737	64381	64038	63695	63360	63040	62763	62508	62273	62092	61942	61806	61674	61518	61338	61156	60938	60719	60487
Bhutan	UN WPP2019	Bhutan	64	BTN	BT	591014	603643	616025	627840	638809	648744	657404	664873	671611	678329	685502	693297	701582	710235	719053	727885	736706	745563	754396	763094	771612	779900	787944	795731	803268	810544	817551	824276	830696	836838	842668
Bolivia (Plurinational State of)	UN WPP2019	Bolivia (Plurinational State of)	68	BOL	BO	8418270	8580244	8742822	8905820	9069044	9232301	9395449	9558438	9721457	9884790	10048597	10212951	10377677	10542375	10706517	10869732	11031822	11192853	11353140	11513102	11673029	11832936	11992647	12151990	12310678	12468481	12625334	12781163	12935767	13088894	13240382
Bonaire, Sint Eustatius and Saba	UN WPP2019	Bonaire, Sint Eustatius and Saba	535	BES	BQ	14387	14131	13882	13755	13886	14399	15338	16645	18163	19648	20941	21998	22840	23512	24067	24571	25017	25399	25709	25983	26221	26445	26643	26842	27013	27175	27335	27499	27664	27805	27945
Bosnia and Herzegovina	UN WPP2019	Bosnia and Herzegovina	70	BIH	BA	3751176	3755514	3759389	3762179	3764194	3765332	3765422	3762791	3754261	3735945	3705478	3661173	3604972	3542598	3482106	3429362	3386263	3351534	3323929	3300998	3280815	3263459	3249313	3237054	3225034	3211963	3197236	3180893	3163267	3145028	3126642
Botswana	UN WPP2019	Botswana	72	BWA	BW	1643333	1674674	1704637	1734387	1765533	1799077	1835911	1875458	1915636	1953495	1987106	2015406	2039551	2062551	2088620	2120716	2159925	2205076	2254067	2303703	2351625	2397240	2441154	2483754	2525765	2567780	2609707	2651307	2692573	2733578	2774344
Brazil	UN WPP2019	Brazil	76	BRA	BR	174790339	177196051	179537523	181809244	184006479	186127108	188167353	190130445	192030362	193886505	195713637	197514541	199287292	201035904	202763744	204471759	206163056	207833825	209469320	211049519	212559409	213993441	215353588	216641839	217863036	219020908	220114734	221142806	222106891	223009378	223852116
Burkina Faso	UN WPP2019	Burkina Faso	854	BFA	BF	11607951	11944589	12293097	12654624	13030576	13421935	13829173	14252029	14689725	15141098	15605211	16081915	16571252	17072791	17586029	18110616	18646350	19193236	19751466	20321383	20903278	21497097	22102838	22720842	23351513	23995149	24651776	25321196	26003242	26697615	27404036
British Virgin Islands	UN WPP2019	British Virgin Islands	92	VGB	VG	20313	20675	21128	21674	22329	23106	24022	25050	26096	27035	27796	28326	28654	28850	28985	29148	29355	29567	29795	30033	30237	30423	30606	30781	30937	31091	31244	31393	31523	31650	31767
Brunei Darussalam	UN WPP2019	Brunei Darussalam	96	BRN	BN	333166	340037	346777	353295	359434	365112	370262	374967	379418	383902	388634	393687	398997	404414	409778	414914	419791	424481	428960	433296	437483	441532	445429	449169	452767	456182	459465	462584	465548	468352	470987
Bulgaria	UN WPP2019	Bulgaria	100	BGR	BG	7997951	7930700	7866242	7804306	7744630	7686964	7631020	7576675	7524084	7473509	7425011	7378652	7334007	7290092	7245648	7199739	7151948	7102452	7051610	7000117	6948445	6896655	6844591	6792227	6739537	6686471	6633107	6579497	6525611	6471366	6416748
Cabo Verde	UN WPP2019	Cabo Verde	132	CPV	CV	428178	435701	442955	449925	456619	463034	469171	475067	480846	486667	492644	498858	505241	511740	518276	524740	531140	537499	543764	549936	555988	561901	567676	573322	578868	584315	589668	594931	600086	605125	610062
Cambodia	UN WPP2019	Cambodia	116	KHM	KH	12155241	12405411	12637719	12856171	13066475	13273355	13477705	13679953	13883835	14093605	14312205	14541421	14780454	15026330	15274506	15521435	15766290	16009413	16249795	16486543	16718972	16946446	17168635	17385668	17597870	17805562	18008651	18207109	18401510	18592634	18781040
Saint Barthélemy	UN WPP2019	Saint Barthélemy	652	BLM	BL	7416	7658	7902	8137	8360	8555	8740	8870	9012	9115	9234	9340	9446	9548	9620	9696	9745	9788	9824	9853	9885	9909	9946	9988	10023	10058	10091	10126	10161	10190	10224
Cameroon	UN WPP2019	Cameroon	120	CMR	CM	15513944	15928910	16357605	16800869	17259322	17733408	18223677	18730283	19252674	19789922	20341236	20906392	21485267	22077300	22681853	23298376	23926549	24566070	25216261	25876387	26545864	27224262	27911544	28608129	29314689	30031677	30759098	31496597	32243884	33000511	33766113
Canada	UN WPP2019	Canada	124	CAN	CA	30588379	30880072	31178260	31488046	31815490	32164313	32536994	32930795	33337638	33746093	34147566	34539156	34922031	35296535	35664338	36026668	36382942	36732091	37074558	37411038	37742157	38067913	38388416	38704479	39017093	39326964	39634342	39939039	40240809	40539186	40833733
Cayman Islands	UN WPP2019	Cayman Islands	136	CYM	KY	42305	43934	45347	46624	47899	49261	50729	52280	53835	55321	56672	57877	58963	59933	60848	61721	62564	63382	64172	64948	65720	66498	67280	68054	68838	69607	70360	71112	71859	72606	73335
Central African Republic	UN WPP2019	Central African Republic	140	CAF	CF	3640421	3722016	3802129	3881185	3959883	4038380	4118075	4198004	4273368	4337623	4386765	4418639	4436411	4447945	4464171	4493171	4537683	4596023	4666375	4745179	4829764	4919987	5016678	5119136	5226574	5338265	5453695	5572383	5693742	5817201	5942207
Chad	UN WPP2019	Chad	148	TCD	TD	8355654	8678049	9019226	9373913	9734761	10096630	10457122	10818031	11183589	11560142	11952134	12360986	12784748	13220433	13663562	14110971	14561658	15016761	15477727	15946882	16425859	16914985	17413574	17921183	18437025	18960527	19491499	20029998	20575999	21129478	21690376
Chile	UN WPP2019	Chile	152	CHL	CL	15342350	15516112	15684413	15849649	16014972	16182713	16354507	16530201	16708256	16886184	17062531	17233584	17400359	17571511	17758969	17969356	18209072	18470435	18729166	18952035	19116209	19212362	19250192	19249347	19238997	19240995	19260477	19292754	19337990	19393834	19458098
China	UN WPP2019	China	156	CHN	CN	1290550767	1299129747	1307352256	1315303522	1323084639	1330776380	1338408644	1345993891	1353569480	1361169410	1368810604	1376497633	1384206408	1391883335	1399453966	1406847868	1414049353	1421021794	1427647789	1433783692	1439323774	1444216102	1448471404	1452127674	1455254862	1457908248	1460092251	1461797638	1463052846	1463891336	1464340150
China, Hong Kong SAR	UN WPP2019	China, Hong Kong Special Administrative Region	344	HKG	HK	6606328	6664775	6701771	6724687	6744563	6769579	6802083	6840017	6881861	6924642	6966324	7006598	7046847	7088780	7134668	7185992	7243541	7306315	7371728	7436157	7496988	7552800	7604306	7653424	7703193	7755536	7811205	7868720	7925075	7976056	8018674
China, Macao SAR	UN WPP2019	China, Macao Special Administrative Region	446	MAC	MO	427772	437928	448813	460157	471600	482863	493804	504504	515232	526401	538215	550833	564037	577368	590210	602093	612824	622578	631633	640446	649342	658391	667492	676537	685379	693895	702067	709945	717530	724843	731876
Colombia	UN WPP2019	Colombia	170	COL	CO	39629965	40255956	40875363	41483872	42075953	42647731	43200901	43737512	44254972	44750054	45222699	45662747	46075721	46495492	46967706	47520667	48175048	48909844	49661056	50339443	50882884	51265841	51512766	51672846	51819751	52007050	52249393	52530216	52834564	53136449	53416767
Comoros	UN WPP2019	Comoros	174	COM	KM	542358	555895	569480	583213	597230	611625	626427	641624	657227	673251	689696	706578	723865	741511	759390	777435	795597	813890	832322	850891	869595	888456	907411	926492	945693	965002	984415	1003919	1023549	1043283	1063111
Switzerland	UN WPP2019	Switzerland	756	CHE	CH	7143764	7179174	7220378	7268363	7323728	7386818	7457961	7536986	7622826	7713902	7808674	7906988	8008006	8108876	8206004	8296775	8379916	8455797	8525614	8591361	8654618	8715494	8773640	8829560	8883855	8936934	8989146	9040488	9090616	9138966	9185114
Congo	UN WPP2019	Congo	178	COG	CG	3127420	3217930	3310376	3406915	3510468	3622775	3745143	3876123	4011487	4145400	4273738	4394842	4510197	4622757	4736965	4856093	4980996	5110701	5244363	5380504	5518092	5657017	5797801	5940746	6086280	6234721	6386128	6540366	6697444	6857284	7019835
Cook Islands	UN WPP2019	Cook Islands	184	COK	CK	17935	18017	18274	18609	18892	19070	19094	18994	18808	18602	18392	18200	18009	17834	17685	17581	17521	17505	17519	17547	17564	17572	17564	17566	17542	17548	17544	17547	17536	17534	17530
Costa Rica	UN WPP2019	Costa Rica	188	CRI	CR	3962369	4034074	4100922	4164053	4225156	4285504	4345421	4404626	4463123	4520739	4577371	4633086	4688003	4742111	4795390	4847805	4899336	4949955	4999443	5047561	5094114	5139053	5182352	5223972	5263904	5302111	5338556	5373263	5406321	5437872	5468042
Croatia	UN WPP2019	Croatia	191	HRV	HR	4428075	4408073	4395802	4388909	4383877	4378066	4370782	4362427	4352639	4341261	4328163	4313098	4295869	4276593	4255518	4232874	4208611	4182847	4156407	4130299	4105268	4081657	4059285	4037691	4016135	3994079	3971396	3948251	3924755	3901052	3877267
Cuba	UN WPP2019	Cuba	192	CUB	CU	11126423	11164676	11199664	11229185	11250369	11261586	11261241	11251117	11236975	11226711	11225833	11236671	11257112	11282722	11306909	11324777	11335108	11339255	11338146	11333484	11326616	11317498	11305648	11291378	11275084	11257038	11237404	11216216	11193386	11168802	11142328
Côte d'Ivoire	UN WPP2019	Côte d'Ivoire	384	CIV	CI	16454660	16853027	17231539	17599613	17970493	18354513	18754914	19171250	19605568	20059147	20532944	21028652	21547188	22087506	22647672	23226148	23822726	24437475	25069226	25716554	26378275	27053629	27742301	28444206	29159503	29888170	30629934	31384161	32149984	32926400	33712604
Curaçao	UN WPP2019	Curaçao	531	CUW	CW	132147	130405	129082	128422	128713	130136	132812	136579	141004	145364	149188	152309	154812	156790	158432	159850	161055	161986	162753	163423	164100	164796	165531	166277	166999	167691	168336	168964	169580	170145	170703
Cyprus	UN WPP2019	Cyprus	196	CYP	CY	943288	960274	976968	993562	1010410	1027657	1045508	1063708	1081568	1098089	1112617	1124837	1135046	1143866	1152297	1160987	1170189	1179685	1189262	1198574	1207361	1215588	1223390	1230792	1237869	1244674	1251215	1257474	1263496	1269319	1274973
Democratic Republic of the Congo	UN WPP2019	Democratic Republic of the Congo	180	COD	CD	47105830	48428534	49871670	51425583	53068869	54785894	56578046	58453687	60411195	62448572	64563853	66755151	69020749	71358804	73767445	76244532	78789130	81398765	84068092	86790568	89561404	92377986	95240782	98151951	101115265	104133554	107206339	110332493	113513533	116751302	120046720
Czechia	UN WPP2019	Czechia	203	CZE	CZ	10289374	10271019	10252264	10239131	10239444	10258165	10298609	10357535	10425267	10488155	10536514	10566512	10581302	10586529	10591104	10601390	10618868	10641032	10665679	10689213	10708982	10724553	10736782	10745888	10752388	10756704	10758837	10758623	10756156	10751513	10744830
Dem. People's Republic of Korea	UN WPP2019	Democratic People's Republic of Korea	408	PRK	KP	22929078	23132982	23339453	23542434	23732740	23904167	24054866	24188330	24310143	24428340	24548840	24673392	24800638	24929500	25057793	25183832	25307665	25429816	25549606	25666158	25778815	25887045	25990675	26089814	26184714	26275486	26362050	26443896	26520112	26589553	26651329
Denmark	UN WPP2019	Denmark	208	DNK	DK	5341192	5358059	5372798	5386968	5402754	5421701	5444293	5469920	5497731	5526389	5554849	5582980	5610909	5638152	5664199	5688695	5711346	5732277	5752131	5771877	5792203	5813302	5834952	5856937	5878875	5900496	5921749	5942672	5963108	5982897	6001868
Djibouti	UN WPP2019	Djibouti	262	DJI	DJ	717577	733019	746947	759639	771599	783248	794554	805456	816361	827820	840194	853671	868136	883296	898707	913998	929117	944100	958923	973557	988002	1002197	1016098	1029701	1043017	1056058	1068802	1081237	1093376	1105197	1116713
Dominica	UN WPP2019	Dominica	212	DMA	DM	69650	69671	69840	70102	70387	70580	70718	70797	70829	70848	70877	70912	70954	71019	71091	71175	71307	71460	71626	71808	71991	72172	72337	72514	72683	72819	72954	73052	73137	73201	73244
Dominican Republic	UN WPP2019	Dominican Republic	214	DOM	DO	8471317	8598599	8724974	8850317	8974444	9097262	9218681	9338856	9458079	9576736	9695117	9813219	9930916	10048226	10165182	10281675	10397738	10513111	10627147	10738957	10847904	10953714	11056374	11155917	11252476	11346157	11436847	11524522	11609235	11691142	11770316
Ecuador	UN WPP2019	Ecuador	218	ECU	EC	12681123	12914660	13143465	13369678	13596390	13825839	14059379	14296554	14535740	14774412	15011114	15243885	15474099	15707473	15951832	16212022	16491117	16785356	17084359	17373657	17643060	17888474	18113365	18324151	18530785	18740538	18955057	19172033	19389986	19606248	19818799
Egypt	UN WPP2019	Egypt	818	EGY	EG	68831561	70152662	71485044	72826102	74172073	75523576	76873670	78232124	79636081	81134789	82761244	84529251	86422240	88404652	90424668	92442549	94447071	96442590	98423602	100388076	102334403	104258327	106156692	108031556	109887164	111727822	113553583	115366619	117176387	118994941	120831556
El Salvador	UN WPP2019	El Salvador	222	SLV	SV	5887930	5927001	5962139	5994075	6023801	6052124	6079395	6105810	6131767	6157678	6183877	6210567	6237922	6266076	6295124	6325121	6356137	6388124	6420740	6453550	6486201	6518500	6550396	6581790	6612662	6642934	6672550	6701346	6728924	6754784	6778592
Equatorial Guinea	UN WPP2019	Equatorial Guinea	226	GNQ	GQ	606180	631662	658388	686670	716949	749527	784494	821686	860839	901589	943640	986861	1031191	1076412	1122273	1168575	1215181	1262008	1308966	1355982	1402985	1449891	1496673	1543389	1590204	1637214	1684460	1731874	1779309	1826581	1873551
Eritrea	UN WPP2019	Eritrea	232	ERI	ER	2292413	2374721	2481059	2600972	2719809	2826653	2918209	2996540	3062782	3119920	3170437	3213969	3250104	3281453	3311444	3342818	3376558	3412894	3452797	3497117	3546427	3601462	3662248	3727656	3795984	3865964	3937196	4009964	4084469	4161129	4240216
Germany	UN WPP2019	Germany	276	DEU	DE	81400883	81453894	81535124	81614371	81646474	81602739	81472235	81277836	81065751	80899961	80827001	80855629	80972629	81174373	81450370	81787411	82193770	82658409	83124413	83517046	83783945	83900471	83883587	83774541	83636170	83515017	83422529	83346306	83280854	83213653	83135643
Estonia	UN WPP2019	Estonia	233	EST	EE	1399111	1391739	1382737	1372904	1363570	1355650	1349373	1344295	1340067	1336140	1332103	1327701	1323163	1319068	1316273	1315330	1316507	1319389	1322913	1325649	1326539	1325188	1321905	1317216	1311926	1306645	1301513	1296346	1291089	1285661	1279961
Eswatini	UN WPP2019	Swaziland	748	SWZ	SZ	1005432	1013608	1019054	1022796	1026287	1030575	1036095	1042652	1049948	1057462	1064841	1072029	1079285	1086843	1095022	1104038	1113994	1124808	1136274	1148133	1160164	1172369	1184821	1197512	1210452	1223690	1237128	1250835	1265206	1280756	1297837
Ethiopia	UN WPP2019	Ethiopia	231	ETH	ET	66224809	68159422	70142090	72170581	74239508	76346310	78489205	80674343	82916236	85233923	87639962	90139928	92726982	95385793	98094264	100835453	103603461	106399926	109224410	112078727	114963583	117876226	120812698	123771387	126750868	129749447	132765522	135796650	138839374	141889688	144944302
Falkland Islands (Malvinas)	UN WPP2019	Falkland Islands (Malvinas)	238	FLK	FK	2893	2927	2944	2950	2950	2950	2940	2928	2932	2921	2902	2863	2823	2793	2787	2836	2926	3074	3236	3372	3483	3528	3534	3519	3489	3468	3452	3444	3443	3446	3439
Faroe Islands	UN WPP2019	Faroe Islands	234	FRO	FO	46738	46999	47235	47439	47600	47731	47793	47825	47822	47814	47803	47815	47843	47901	47965	48055	48173	48326	48497	48677	48865	49053	49230	49419	49613	49815	50036	50246	50470	50697	50913
Fiji	UN WPP2019	Fiji	242	FJI	FJ	811011	813923	815257	816078	817864	821606	827869	836185	845356	853636	859816	863451	865065	865602	866447	868632	872406	877460	883490	889955	896444	902899	909457	916131	922955	929977	937162	944456	951763	958971	966019
Finland	UN WPP2019	Finland	246	FIN	FI	5187953	5200475	5213368	5227106	5242175	5258933	5277490	5297741	5319452	5342266	5365784	5390036	5414769	5438984	5461410	5481128	5497714	5511372	5522585	5532159	5540718	5548361	5554956	5560627	5565471	5569569	5573024	5575896	5578136	5579707	5580531
France	UN WPP2019	France	250	FRA	FR	59015092	59384126	59803434	60251591	60697977	61120128	61508924	61869229	62209207	62542883	62879535	63222229	63564224	63893521	64193550	64453194	64667590	64842513	64990512	65129731	65273512	65426177	65584514	65745189	65902029	66050606	66190533	66323949	66451747	66575352	66695705
French Guiana	UN WPP2019	French Guiana	254	GUF	GF	163163	170443	178548	187026	195305	202973	209891	216182	221997	227542	232996	238383	243667	249049	254780	261008	267824	275189	282936	290823	298682	306450	314169	321896	329645	337490	345401	353365	361384	369469	377608
Western Sahara	UN WPP2019	Western Sahara	732	ESH	EH	314116	336647	363225	391177	416804	437516	452357	462210	468630	474045	480268	487654	495773	504858	514985	526211	538744	552617	567396	582458	597330	611872	626168	640261	654267	668290	682298	696217	710040	723748	737349
French Polynesia	UN WPP2019	French Polynesia	258	PYF	PF	240681	244929	248976	252707	255995	258780	261007	262717	264064	265256	266449	267702	268995	270332	271713	273119	274576	276108	277673	279285	280904	282534	284160	285792	287417	289034	290631	292212	293759	295262	296695
Gabon	UN WPP2019	Gabon	266	GAB	GA	1228359	1258008	1288310	1319946	1353788	1390550	1430144	1472565	1518538	1568925	1624146	1684629	1749677	1817070	1883801	1947690	2007882	2064812	2119275	2172578	2225728	2278829	2331532	2383905	2435945	2487672	2539200	2590618	2641952	2693227	2744456
Spain	UN WPP2019	Spain	724	ESP	ES	40824745	41319431	41919593	42596455	43308345	44019118	44728561	45429071	46068811	46583566	46931011	47084242	47063059	46930554	46777927	46671919	46634131	46647425	46692863	46736782	46754783	46745211	46719147	46679284	46630673	46577097	46518645	46453975	46383836	46309019	46230147
Gambia	UN WPP2019	Gambia	270	GMB	GM	1317708	1360070	1404263	1449925	1496524	1543745	1591444	1639846	1689288	1740277	1793199	1848142	1905020	1963708	2024037	2085861	2149134	2213900	2280092	2347696	2416664	2486937	2558493	2631251	2705194	2780255	2856404	2933573	3011723	3090775	3170687
Georgia	UN WPP2019	Georgia	268	GEO	GE	4362184	4296981	4258573	4238930	4225811	4210158	4189722	4166860	4142648	4119490	4099096	4081012	4064097	4048701	4035310	4024180	4015457	4008723	4002946	3996762	3989175	3979773	3968728	3956337	3943050	3929288	3915051	3900212	3884887	3869218	3853301
Ghana	UN WPP2019	Ghana	288	GHA	GH	19278850	19756929	20246376	20750308	21272328	21814648	22379057	22963946	23563832	24170943	24779614	25387713	25996454	26607641	27224480	27849203	28481947	29121464	29767108	30417858	31072945	31732128	32395454	33062741	33733902	34408762	35087160	35768893	36453875	37142078	37833419
Gibraltar	UN WPP2019	Gibraltar	292	GIB	GI	31081	31604	32097	32556	32930	33222	33420	33524	33570	33562	33585	33608	33653	33694	33726	33742	33738	33723	33715	33706	33691	33691	33714	33711	33737	33753	33786	33820	33844	33889	33906
Greece	UN WPP2019	Greece	300	GRC	GR	11082103	11134447	11182308	11218879	11234993	11224800	11185231	11120371	11040312	10959268	10887640	10829074	10781119	10740501	10701460	10659737	10615183	10569449	10522244	10473452	10423056	10370747	10316641	10261734	10207413	10154677	10103883	10054798	10007444	9961655	9917252
Greenland	UN WPP2019	Greenland	304	GRL	GL	56177	56336	56518	56707	56868	56949	56968	56928	56836	56729	56638	56555	56477	56412	56383	56378	56408	56473	56565	56660	56772	56868	56975	57064	57137	57186	57208	57217	57197	57161	57092
Grenada	UN WPP2019	Grenada	308	GRD	GD	102837	103242	103636	104003	104346	104658	104938	105183	105457	105787	106227	106786	107452	108172	108900	109603	110263	110874	111449	112002	112519	113015	113477	113903	114289	114624	114929	115193	115422	115621	115781
Guadeloupe	UN WPP2019	Guadeloupe	312	GLP	GP	422048	420248	416132	410868	406068	402903	401809	402405	403967	405444	406073	405643	404446	402826	401305	400260	399760	399679	399848	400048	400127	400013	399802	399536	399321	399247	399316	399488	399731	400006	400244
Micronesia (Fed. States of)	UN WPP2019	Micronesia (Federated States of)	583	FSM	FM	107405	107170	107027	106902	106624	106135	105374	104442	103549	102971	102916	103448	104506	105922	107444	108886	110215	111461	112640	113811	115021	116255	117486	118708	119921	121113	122295	123440	124565	125644	126699
Guam	UN WPP2019	Guam	316	GUM	GU	155323	156395	157173	157723	158094	158406	158649	158848	159037	159232	159439	159690	159990	160415	161007	161851	162948	164281	165770	167295	168783	170184	171528	172819	174070	175329	176559	177754	178924	180047	181143
Guatemala	UN WPP2019	Guatemala	320	GTM	GT	11650744	11924941	12208854	12500479	12796926	13096028	13397022	13700326	14006420	14316251	14630420	14948792	15270774	15595821	15923238	16252425	16583080	16914979	17247855	17581476	17915567	18249868	18584043	18917714	19250479	19581999	19911940	20240101	20566327	20890528	21212560
Guinea	UN WPP2019	Guinea	324	GIN	GN	8240736	8417082	8586077	8753097	8925729	9109585	9307421	9518159	9738796	9964470	10192168	10420459	10652032	10892821	11150970	11432096	11738434	12067516	12414292	12771246	13132792	13497237	13865692	14238716	14617784	15003848	15396570	15794994	16198774	16607517	17020912
United Kingdom	UN WPP2019	United Kingdom of Great Britain and Northern Ireland	826	GBR	GB	58923305	59124277	59326294	59561429	59872760	60287953	60821349	61455154	62145098	62828620	63459801	64021922	64525300	64984015	65423048	65860150	66297944	66727463	67141678	67530161	67886004	68207114	68497913	68765935	69021842	69273640	69524100	69771961	70016263	70254648	70485483
Guinea-Bissau	UN WPP2019	Guinea-Bissau	624	GNB	GW	1201305	1227105	1254454	1283297	1313492	1344931	1377582	1411545	1446936	1483920	1522603	1562996	1604981	1648259	1692433	1737207	1782434	1828146	1874304	1920917	1967998	2015490	2063361	2111612	2160280	2209378	2258895	2308813	2359159	2409956	2461208
Guyana	UN WPP2019	Guyana	328	GUY	GY	746718	745206	744789	745142	745737	746156	746335	746477	746815	747718	749430	752029	755388	759281	763371	767433	771363	775218	779007	782775	786559	790329	794039	797711	801343	804950	808538	812058	815463	818648	821585
Haiti	UN WPP2019	Haiti	332	HTI	HT	8463802	8608810	8754148	8900108	9047082	9195289	9344784	9495336	9646570	9798046	9949318	10100320	10250922	10400672	10549007	10695540	10839976	10982367	11123183	11263079	11402533	11541683	11680288	11817963	11954192	12088555	12220965	12351508	12480291	12607489	12733227
Holy See	UN WPP2019	Holy See	336	VAT	VA	790	792	792	792	795	798	795	794	792	787	783	786	786	786	785	790	791	798	810	815	809	812	808	808	803	799	795	793	803	797	799
Honduras	UN WPP2019	Honduras	340	HND	HN	6574510	6751912	6929267	7106323	7282953	7458982	7634295	7808520	7980955	8150780	8317468	8480670	8640692	8798524	8955579	9112904	9270794	9429016	9587523	9746115	9904608	10062994	10221256	10379104	10536194	10692205	10846964	11000358	11152068	11301787	11449246
Hungary	UN WPP2019	Hungary	348	HUN	HU	10220509	10193451	10167286	10141341	10114481	10085942	10055657	10024158	9991867	9959439	9927380	9895689	9864363	9833923	9804991	9777925	9752970	9729822	9707502	9684680	9660350	9634162	9606252	9576767	9546043	9514330	9481620	9447725	9412625	9376201	9338454
Iceland	UN WPP2019	Iceland	352	ISL	IS	280439	282910	285329	287955	291102	294976	299727	305181	310855	316057	320342	323471	325642	327194	328592	330237	332209	334395	336712	339037	341250	343360	345400	347380	349314	351180	353008	354778	356482	358129	359709
India	UN WPP2019	India	356	IND	IN	1056575548	1075000094	1093317187	1111523146	1129623466	1147609924	1165486291	1183209471	1200669762	1217726217	1234281163	1250287939	1265780243	1280842119	1295600768	1310152392	1324517250	1338676779	1352642283	1366417756	1380004385	1393409033	1406631781	1419655800	1432456474	1445011620	1457308849	1469338564	1481083336	1492524276	1503642327
Indonesia	UN WPP2019	Indonesia	360	IDN	ID	211513822	214427419	217357790	220309473	223285666	226289468	229318262	232374239	235469755	238620554	241834226	245115988	248451714	251805314	255128076	258383257	261556386	264650969	267670549	270625567	273523621	276361788	279134505	281844348	284495157	287089641	289628160	292109442	294532571	296896014	299198430
Iran (Islamic Republic of)	UN WPP2019	Iran (Islamic Republic of)	364	IRN	IR	65623397	66449112	67284801	68122947	68951279	69762345	70554756	71336476	72120608	72924833	73762519	74634959	75539881	76481963	77465769	78492208	79563991	80673888	81800204	82913893	83992953	85028760	86022843	86975821	87892021	88774777	89622542	90432897	91207895	91950580	92663698
Iraq	UN WPP2019	Iraq	368	IRQ	IQ	23497589	24208178	24931922	25644503	26313838	26922279	27448124	27911242	28385739	28973157	29741977	30725305	31890012	33157061	34411949	35572269	36610632	37552789	38433604	39309789	40222503	41179351	42164963	43170808	44181837	45187253	46185951	47183019	48180890	49183537	50193762
Ireland	UN WPP2019	Ireland	372	IRL	IE	3783095	3842253	3907995	3980077	4058131	4141218	4230619	4324649	4415871	4494572	4554330	4591115	4608199	4615426	4626852	4652420	4695790	4753281	4818694	4882498	4937796	4982904	5020203	5051614	5080496	5109290	5138313	5166747	5194609	5221746	5248039
Isle of Man	UN WPP2019	Isle of Man	833	IMN	IM	76942	77707	78318	78878	79515	80293	81283	82406	83515	84379	84856	84889	84534	83985	83488	83232	83296	83610	84073	84589	85032	85410	85737	86028	86313	86598	86892	87180	87449	87728	87995
Israel	UN WPP2019	Israel	376	ISR	IL	5945949	6060679	6169311	6278374	6396511	6529470	6680641	6847148	7020832	7190037	7346446	7487095	7614946	7734834	7854216	7978496	8108984	8243849	8381507	8519373	8655541	8789776	8922893	9055151	9187044	9318959	9450931	9582849	9714849	9847097	9979695
Italy	UN WPP2019	Italy	380	ITA	IT	56692178	56875148	57182521	57564589	57948421	58281209	58542619	58747862	58922116	59105622	59325232	59589070	59879469	60166828	60409622	60578489	60663068	60673694	60627291	60550092	60461828	60367471	60262779	60147515	60019210	59876553	59720998	59555936	59384053	59208465	59031473
Jamaica	UN WPP2019	Jamaica	388	JAM	JM	2654698	2674706	2692843	2709438	2725017	2740000	2754414	2768229	2781869	2795839	2810464	2825932	2842128	2858710	2875137	2891024	2906242	2920848	2934853	2948277	2961161	2973462	2985087	2995999	3006090	3015323	3023669	3031103	3037622	3043254	3047969
Japan	UN WPP2019	Japan	392	JPN	JP	127524168	127713824	127893075	128058368	128204183	128326115	128422740	128494050	128538644	128555196	128542349	128498966	128423571	128314189	128168630	127985139	127763267	127502728	127202190	126860299	126476458	126050796	125584839	125081316	124543923	123975981	123379107	122754999	122107379	121440546	120758056
Jordan	UN WPP2019	Jordan	400	JOR	JO	5122495	5217328	5317514	5434036	5580241	5765639	5991547	6255290	6556473	6893258	7261541	7662858	8089963	8518992	8918822	9266573	9554286	9785840	9965322	10101697	10203140	10269022	10300862	10312321	10320863	10339846	10375033	10425955	10491794	10569078	10655185
Kazakhstan	UN WPP2019	Kazakhstan	398	KAZ	KZ	14922724	14910207	14976184	15100045	15250016	15402803	15551263	15702112	15862126	16043015	16252273	16490670	16751524	17026118	17302619	17572010	17830902	18080023	18319616	18551428	18776707	18994958	19205038	19407012	19601103	19787745	19967004	20139592	20307506	20473297	20639019
Kenya	UN WPP2019	Kenya	404	KEN	KE	31964557	32848570	33751746	34678781	35635267	36624897	37649039	38705934	39791984	40901798	42030684	43178270	44343469	45519986	46700063	47878339	49051531	50221146	51392570	52573967	53771300	54985702	56215224	57458890	58714809	59981315	61257805	62544007	63838873	65141208	66449655
Kiribati	UN WPP2019	Kiribati	296	KIR	KI	84405	85844	87308	88840	90498	92319	94341	96531	98760	100928	102930	104735	106359	107887	109387	110927	112529	114153	115842	117608	119446	121388	123416	125501	127580	129619	131607	133539	135445	137324	139178
Kuwait	UN WPP2019	Kuwait	414	KWT	KW	2045123	2103273	2136991	2161626	2200498	2270196	2373661	2504026	2656010	2821041	2991884	3168054	3348852	3526382	3690939	3835588	3956862	4056102	4137315	4207077	4270563	4328553	4380330	4427849	4473163	4517863	4563139	4609350	4656026	4702183	4747083
Kyrgyzstan	UN WPP2019	Kyrgyzstan	417	KGZ	KG	4920712	4962839	4991478	5013538	5038995	5075340	5124379	5184384	5254969	5334708	5422298	5517927	5621583	5731312	5844521	5959126	6074327	6189727	6304025	6415851	6524191	6628347	6728270	6824517	6918098	7009829	7099810	7187967	7274738	7360647	7446106
Lao People's Democratic Republic	UN WPP2019	Lao People's Democratic Republic	418	LAO	LA	5323701	5409584	5493247	5576640	5662199	5751675	5846075	5944950	6046630	6148621	6249168	6347564	6444527	6541302	6639763	6741160	6845848	6953031	7061498	7169456	7275556	7379358	7481026	7580608	7678397	7774527	7868912	7961311	8051684	8140008	8226277
Latvia	UN WPP2019	Latvia	428	LVA	LV	2384150	2358689	2332528	2305845	2278922	2251996	2225063	2198089	2171248	2144784	2118855	2093607	2069018	2044950	2021220	1997675	1974265	1951097	1928461	1906740	1886202	1866934	1848834	1831650	1815001	1798634	1782474	1766561	1750867	1735397	1720156
Lebanon	UN WPP2019	Lebanon	422	LBN	LB	3842774	3990999	4182205	4388378	4569377	4698761	4759760	4767347	4764745	4813026	4953064	5202022	5537620	5913016	6261046	6532681	6714281	6819373	6859408	6855709	6825442	6769151	6684847	6585116	6485336	6397245	6326656	6273635	6236666	6211494	6194842
Lesotho	UN WPP2019	Lesotho	426	LSO	LS	2032805	2035738	2029832	2018355	2005953	1996115	1989933	1986926	1987130	1990135	1995575	2003793	2014988	2028528	2043448	2059011	2075042	2091533	2108327	2125267	2142252	2159067	2175695	2192400	2209599	2227568	2246369	2265852	2285743	2305604	2325171
Liberia	UN WPP2019	Liberia	430	LBR	LR	2848447	2953928	3024727	3077055	3135654	3218114	3329211	3461911	3607863	3754129	3891357	4017446	4135663	4248337	4359508	4472229	4586788	4702224	4818976	4937374	5057677	5180208	5305119	5432272	5561377	5692194	5824727	5959022	6095000	6232542	6371558
Libya	UN WPP2019	Libya	434	LBY	LY	5357893	5443249	5531097	5620545	5710163	5798615	5886874	5974786	6058740	6133987	6197667	6247438	6285751	6320350	6362039	6418315	6492160	6580723	6678565	6777453	6871287	6958538	7040749	7118656	7193917	7267715	7339914	7409788	7477411	7542934	7606414
Liechtenstein	UN WPP2019	Liechtenstein	438	LIE	LI	33184	33543	33885	34172	34444	34718	34975	35217	35469	35723	35996	36299	36615	36940	37219	37465	37655	37805	37918	38020	38137	38254	38389	38525	38663	38794	38923	39045	39170	39291	39405
Lithuania	UN WPP2019	Lithuania	440	LTU	LT	3501842	3473623	3444777	3414367	3381134	3344259	3303329	3258984	3212867	3167270	3123825	3083402	3045561	3008938	2971498	2931872	2889555	2845419	2801270	2759631	2722291	2689862	2661704	2636852	2613766	2591271	2569136	2547564	2526386	2505495	2484803
Luxembourg	UN WPP2019	Luxembourg	442	LUX	LU	436106	440197	443727	447317	451822	457848	465611	474917	485403	496536	507890	519312	530855	542554	554512	566741	579266	591914	604244	615730	625976	634814	642367	648973	655111	661119	667125	673033	678889	684654	690344
Madagascar	UN WPP2019	Madagascar	450	MDG	MG	15766806	16260933	16765122	17279139	17802992	18336722	18880265	19433520	19996476	20569115	21151640	21743970	22346641	22961259	23589897	24234080	24894370	25570511	26262313	26969306	27691019	28427333	29178075	29942591	30720117	31509837	32311424	33124448	33947957	34780866	35622312
Malawi	UN WPP2019	Malawi	454	MWI	MW	11148751	11432001	11713663	12000183	12301837	12625950	12973693	13341808	13727899	14128161	14539609	14962118	15396010	15839287	16289550	16745305	17205253	17670193	18143215	18628749	19129955	19647681	20180838	20728157	21287588	21857472	22437393	23027357	23626576	24234186	24849443
Malaysia	UN WPP2019	Malaysia	458	MYS	MY	23194252	23709115	24208391	24698821	25190647	25690615	26201954	26720367	27236003	27735038	28208028	28650962	29068189	29468923	29866606	30270965	30684652	31104655	31528033	31949789	32365998	32776195	33181079	33579264	33969292	34349933	34720334	35080109	35429092	35767395	36095052
Maldives	UN WPP2019	Maldives	462	MDV	MV	279396	286309	294185	302681	311265	319604	327489	335172	343448	353391	365730	380493	397231	415592	435018	454914	475505	496398	515704	530957	540542	543620	540985	534669	527652	522124	518721	517004	516829	517722	519348
Mali	UN WPP2019	Mali	466	MLI	ML	10946448	11271603	11616890	11982692	12369078	12775509	13203378	13651455	14113578	14581427	15049352	15514593	15979492	16449854	16934213	17438772	17965448	18512429	19077755	19658023	20250834	20855724	21473776	22105727	22752840	23415892	24094918	24789305	25498424	26221381	26957390
Malta	UN WPP2019	Malta	470	MLT	MT	393649	396324	398720	400858	402820	404659	406330	407854	409493	411559	414257	417720	421809	426144	430190	433559	436099	437935	439255	440377	441539	442790	444030	445228	446303	447186	447885	448413	448763	448933	448894
Marshall Islands	UN WPP2019	Marshall Islands	584	MHL	MH	50754	51411	52368	53465	54476	55257	55765	56046	56166	56255	56361	56524	56712	56933	57183	57444	57723	58053	58412	58791	59194	59618	60051	60520	61041	61597	62226	62895	63583	64300	64999
Martinique	UN WPP2019	Martinique	474	MTQ	MQ	387016	389984	392500	394534	396106	397191	397850	398048	397664	396561	394666	391886	388366	384581	381142	378483	376789	375946	375672	375557	375265	374743	374083	373318	372532	371760	370999	370204	369396	368564	367713
Saint Kitts and Nevis	UN WPP2019	Saint Kitts and Nevis	659	KNA	KN	44083	44602	45168	45749	46323	46852	47333	47769	48178	48599	49011	49442	49881	50328	50776	51204	51629	52036	52438	52834	53192	53546	53864	54175	54465	54739	54985	55227	55444	55656	55831
Mauritania	UN WPP2019	Mauritania	478	MRT	MR	2630217	2702405	2778097	2857150	2939246	3024198	3111908	3202512	3296237	3393408	3494200	3598646	3706555	3817497	3930894	4046304	4163532	4282582	4403312	4525698	4649660	4775110	4901979	5030233	5159893	5290956	5423376	5557164	5692349	5829005	5967176
Mauritius	UN WPP2019	Mauritius	480	MUS	MU	1185147	1193911	1201805	1208992	1215668	1222010	1228089	1233890	1239262	1243996	1247953	1251074	1253489	1255458	1257351	1259457	1261870	1264497	1267184	1269670	1271767	1273428	1274720	1275657	1276282	1276639	1276716	1276494	1275973	1275144	1274036
Republic of Korea	UN WPP2019	Republic of Korea	410	KOR	KR	47379237	47706226	47999551	48260901	48493434	48701069	48880449	49034813	49182458	49347450	49545638	49786153	50060639	50345720	50607904	50823087	50983446	51096408	51171700	51225321	51269183	51305184	51329905	51343973	51347169	51339378	51321217	51293519	51256271	51209252	51152050
Mayotte	UN WPP2019	Mayotte	175	MYT	YT	150331	155756	161204	166715	172345	178103	184026	190098	196269	202494	208716	214937	221147	227376	233658	240011	246460	252962	259526	266153	272813	279507	286254	293064	299934	306884	313926	321038	328227	335522	342899
Mexico	UN WPP2019	Mexico	484	MEX	MX	98899845	100298152	101684764	103081020	104514934	106005199	107560155	109170503	110815272	112463886	114092961	115695468	117274156	118827158	120355137	121858251	123333379	124777326	126190782	127575529	128932753	130262220	131562775	132833769	134074379	135284064	136462077	137608574	138725066	139813700	140875763
Monaco	UN WPP2019	Monaco	492	MCO	MC	32149	32474	32804	33144	33499	33842	34189	34524	34860	35223	35609	36025	36459	36899	37320	37723	38070	38392	38682	38967	39244	39520	39778	40042	40303	40553	40807	41049	41301	41540	41771
Mongolia	UN WPP2019	Mongolia	496	MNG	MN	2397417	2419594	2443261	2468765	2496394	2526429	2558854	2593819	2631899	2673794	2719902	2770357	2824698	2881783	2940111	2998433	3056358	3113788	3170214	3225166	3278292	3329282	3378078	3424876	3470039	3513907	3556500	3597810	3638042	3677433	3716204
Montenegro	UN WPP2019	Montenegro	499	MNE	ME	613558	613170	613371	614081	615137	616388	617863	619554	621312	622933	624279	625271	625931	626342	626650	626957	627271	627563	627803	627988	628062	628051	627951	627766	627489	627148	626708	626192	625578	624865	624058
Montserrat	UN WPP2019	Montserrat	500	MSR	MS	4925	4528	4431	4533	4703	4842	4890	4916	4906	4891	4895	4913	4930	4932	4952	4966	4978	4989	4993	4991	4999	4981	4968	4946	4923	4897	4865	4843	4816	4792	4763
Saint Lucia	UN WPP2019	Saint Lucia	662	LCA	LC	156737	158184	159392	160530	161821	163408	165378	167644	170011	172223	174092	175538	176654	177505	178307	179131	180028	180955	181890	182795	183629	184401	185112	185771	186379	186917	187409	187823	188192	188490	188742
Morocco	UN WPP2019	Morocco	504	MAR	MA	28793672	29126323	29454765	29782884	30115196	30455563	30804689	31163670	31536807	31929087	32343384	32781860	33241898	33715705	34192358	34663608	35126274	35581257	36029089	36471766	36910558	37344787	37772757	38193551	38606160	39009791	39403939	39788519	40163701	40529850	40887291
Mozambique	UN WPP2019	Mozambique	508	MOZ	MZ	17711925	18221884	18764147	19331097	19910549	20493927	21080108	21673319	22276596	22894718	23531567	24187500	24862673	25560752	26286192	27042001	27829930	28649007	29496009	30366043	31255435	32163045	33089464	34034812	34999756	35984616	36988943	38011831	39052601	40110504	41184834
Myanmar	UN WPP2019	Myanmar	104	MMR	MM	46719698	47225119	47702163	48148907	48564489	48949931	49301049	49621479	49929642	50250366	50600827	50990612	51413703	51852464	52280816	52680724	53045199	53382521	53708318	54045422	54409794	54806014	55227152	55663658	56101106	56528473	56942754	57345565	57735854	58113595	58478490
Sri Lanka	UN WPP2019	Sri Lanka	144	LKA	LK	18777606	18911727	19062476	19224036	19387153	19544988	19695977	19842044	19983984	20123508	20261738	20398496	20532599	20663053	20788512	20908024	21021177	21128028	21228760	21323734	21413250	21497306	21575844	21648987	21716868	21779683	21837412	21890192	21938404	21982568	22023018
Namibia	UN WPP2019	Namibia	516	NAM	NA	1794583	1823667	1851519	1879113	1907737	1938316	1971318	2006516	2043382	2081040	2118877	2156698	2194777	2233506	2273426	2314901	2358044	2402623	2448300	2494524	2540916	2587344	2633874	2680497	2727257	2774200	2821274	2868431	2915718	2963189	3010873
Nauru	UN WPP2019	Nauru	520	NRU	NR	10335	10219	10102	9990	9906	9848	9827	9846	9880	9945	10009	10069	10136	10208	10289	10374	10474	10577	10678	10764	10834	10873	10894	10918	10932	10942	10943	10968	10975	10987	10992
Nepal	UN WPP2019	Nepal	524	NPL	NP	23941099	24347113	24725625	25080880	25419337	25744500	26066687	26382586	26666581	26883531	27013207	27041220	26989160	26916795	26905982	27015033	27263430	27632682	28095712	28608715	29136808	29674920	30225581	30769709	31285685	31757445	32175314	32539190	32855383	33135729	33389541
Netherlands	UN WPP2019	Netherlands	528	NLD	NL	15926188	16018112	16110355	16200948	16287183	16367153	16440091	16506652	16568105	16626379	16682927	16738191	16791850	16843512	16892517	16938492	16981285	17021343	17059560	17097123	17134873	17173094	17211449	17249269	17285564	17319572	17351065	17380060	17406365	17429837	17450317
New Caledonia	UN WPP2019	New Caledonia	540	NCL	NC	217263	221499	225482	229251	232881	236441	239924	243332	246696	250082	253529	257066	260657	264239	267732	271062	274190	277159	279986	282757	285491	288217	290924	293581	296210	298786	301316	303797	306250	308658	311027
New Zealand	UN WPP2019	New Zealand	554	NZL	NZ	3858992	3907941	3963202	4022074	4080421	4135353	4185882	4233046	4278156	4323338	4370060	4418674	4468462	4518519	4567522	4614527	4659265	4702029	4743131	4783062	4822233	4860642	4898201	4934976	4971047	5006449	5041237	5075413	5108863	5141412	5172961
Nicaragua	UN WPP2019	Nicaragua	558	NIC	NI	5069310	5145367	5219324	5292115	5364930	5438692	5513757	5590066	5667436	5745538	5824058	5903035	5982530	6062462	6142734	6223234	6303970	6384843	6465502	6545503	6624554	6702379	6779096	6855178	6931325	7008006	7085358	7163095	7240598	7317066	7391881
Saint Martin (French part)	UN WPP2019	Saint Martin (French Part)	663	MAF	MF	28935	29847	30913	32055	33187	34252	35240	36138	36880	37380	37582	37451	37012	36458	36018	35865	36061	36569	37264	38002	38659	39239	39732	40182	40624	41068	41517	41959	42396	42835	43261
Niger	UN WPP2019	Niger	562	NER	NE	11331561	11751364	12189988	12647983	13125914	13624474	14143969	14685404	15250913	15843131	16464026	17114770	17795209	18504287	19240182	20001663	20788789	21602388	22442831	23310719	24206636	25130810	26083660	27066230	28079834	29125511	30203732	31314612	32458494	33635579	34846019
Nigeria	UN WPP2019	Nigeria	566	NGA	NG	122283853	125394046	128596079	131900634	135320420	138865014	142538305	146339971	150269622	154324939	158503203	162805080	167228803	171765819	176404931	181137454	185960244	190873247	195874685	200963603	206139587	211400704	216746933	222182400	227713027	233343117	239073298	244902210	250829695	256855080	262977344
Niue	UN WPP2019	Niue	570	NIU	NU	1902	1843	1795	1748	1713	1688	1667	1647	1633	1622	1622	1618	1606	1606	1607	1610	1611	1612	1610	1614	1618	1614	1616	1619	1612	1619	1631	1639	1646	1653	1662
North Macedonia	UN WPP2019	The former Yugoslav Republic of Macedonia	807	MKD	MK	2034823	2042844	2048930	2053426	2057044	2060281	2063132	2065408	2067310	2069031	2070737	2072484	2074275	2076065	2077781	2079335	2080746	2081996	2082957	2083458	2083380	2082662	2081305	2079337	2076821	2073808	2070278	2066218	2061614	2056459	2050743
Northern Mariana Islands	UN WPP2019	Northern Mariana Islands	580	MNP	MP	57453	58319	58412	57954	57240	56547	55886	55215	54621	54194	53971	54013	54306	54786	55301	55779	56187	56553	56889	57213	57557	57910	58271	58627	58983	59343	59684	60053	60404	60738	61052
Norway	UN WPP2019	Norway	578	NOR	NO	4499375	4523139	4546017	4570096	4598210	4632359	4672986	4719403	4771014	4826847	4885878	4948335	5013716	5079460	5142269	5199827	5250950	5296324	5337960	5378859	5421242	5465629	5511372	5558026	5604804	5651099	5696884	5742396	5787492	5832030	5875922
Republic of Moldova	UN WPP2019	Republic of Moldova	498	MDA	MD	4202659	4187097	4178228	4173276	4167963	4159297	4146264	4130129	4112887	4097516	4086090	4079167	4075804	4074585	4073407	4070705	4066013	4059687	4051950	4043258	4033963	4024025	4013178	4001345	3988406	3974258	3958894	3942344	3924631	3905798	3885900
Oman	UN WPP2019	Oman	512	OMN	OM	2267973	2294959	2334860	2386164	2445524	2511254	2580753	2657162	2750956	2876186	3041435	3251102	3498031	3764805	4027255	4267341	4479217	4665926	4829476	4974992	5106622	5223376	5324000	5412488	5494163	5573004	5650935	5727614	5801981	5871931	5936083
Pakistan	UN WPP2019	Pakistan	586	PAK	PK	142343583	145978408	149549695	153093371	156664698	160304007	164022626	167808106	171648984	175525610	179424643	183340168	187280125	191260799	195305012	199426953	203631356	207906210	212228288	216565317	220892331	225199929	229488996	233757257	238005632	242234059	246439287	250616681	254763723	258878228	262958798
Palau	UN WPP2019	Palau	585	PLW	PW	19104	19390	19642	19812	19861	19784	19545	19159	18708	18290	17954	17748	17635	17603	17625	17665	17718	17809	17911	18001	18092	18174	18227	18281	18322	18357	18396	18418	18448	18462	18468
Panama	UN WPP2019	Panama	591	PAN	PA	3030333	3089641	3149195	3209056	3269356	3330222	3391673	3453671	3516204	3579215	3642691	3706479	3770635	3835447	3901311	3968490	4037073	4106764	4176869	4246440	4314768	4381583	4446957	4510970	4573765	4635498	4696093	4755484	4813771	4871105	4927612
Papua New Guinea	UN WPP2019	Papua New Guinea	598	PNG	PG	5847590	5974627	6098621	6223378	6354247	6494902	6646891	6808503	6976200	7144774	7310512	7472196	7631003	7788388	7946733	8107772	8271766	8438038	8606324	8776119	8947027	9119005	9292172	9466431	9641706	9817917	9994969	10172751	10351151	10530056	10709351
Paraguay	UN WPP2019	Paraguay	600	PRY	PY	5323202	5428442	5531958	5632983	5730556	5824095	5913212	5998430	6081296	6163970	6248017	6333981	6421510	6510273	6599524	6688746	6777878	6867058	6956069	7044639	7132530	7219641	7305842	7391010	7475017	7557749	7639094	7718990	7797416	7874406	7949969
Peru	UN WPP2019	Peru	604	PER	PE	26459944	26799289	27100964	27372217	27624226	27866140	28102055	28333050	28562321	28792663	29027680	29264314	29506790	29773986	30090372	30470739	30926036	31444299	31989265	32510462	32971846	33359416	33684218	33966046	34236195	34517501	34814660	35119951	35429212	35734664	36030592
Philippines	UN WPP2019	Philippines	608	PHL	PH	77991757	79672869	81365260	83051970	84710544	86326251	87888675	89405482	90901967	92414161	93966784	95570049	97212639	98871558	100513137	102113206	103663812	105172921	106651394	108116622	109581085	111046910	112508991	113964103	115406850	116833055	118241483	119632644	121006009	122361316	123697926
Poland	UN WPP2019	Poland	616	POL	PL	38556699	38529585	38488640	38441821	38399553	38368957	38354447	38353339	38356786	38351924	38329784	38286824	38227033	38158043	38091095	38034076	37989218	37953176	37921585	37887771	37846605	37797000	37739779	37674031	37599148	37514695	37420052	37314983	37200094	37076340	36944572
Portugal	UN WPP2019	Portugal	620	PRT	PT	10297117	10341456	10385993	10429615	10470926	10508494	10542837	10573150	10595312	10604066	10596055	10569388	10526308	10473025	10418224	10368346	10325540	10288527	10256192	10226178	10196707	10167923	10140568	10114017	10087499	10060416	10032460	10003591	9973879	9943539	9912683
Puerto Rico	UN WPP2019	Puerto Rico	630	PRI	PR	3668955	3670308	3664321	3653660	3642005	3631885	3623783	3616341	3608030	3596532	3579842	3559862	3536570	3503865	3453667	3381512	3283121	3163676	3039598	2933404	2860840	2828246	2829807	2854166	2884074	2906646	2918917	2923979	2922176	2915461	2905358
Qatar	UN WPP2019	Qatar	634	QAT	QA	592467	615013	640872	681791	753332	865410	1022704	1218441	1436670	1654944	1856329	2035862	2196078	2336579	2459202	2565708	2654379	2724727	2781682	2832071	2881060	2930524	2979915	3028940	3076461	3121709	3165098	3207422	3248613	3288485	3326888
Romania	UN WPP2019	Romania	642	ROU	RO	22137423	21989354	21853278	21720403	21577890	21417287	21234312	21034196	20829521	20637995	20471860	20336718	20227467	20132780	20035928	19925182	19796280	19653966	19506110	19364558	19237682	19127772	19031330	18944132	18859614	18772908	18682885	18590731	18496691	18401617	18306092
Russian Federation	UN WPP2019	Russian Federation	643	RUS	RU	146404890	145830726	145215707	144610876	144080649	143672125	143403258	143266207	143248764	143326904	143479273	143703027	143993888	144325456	144664837	144985059	145275374	145530091	145734034	145872260	145934460	145912022	145805944	145628574	145399122	145132732	144834096	144502582	144142094	143755891	143347514
Rwanda	UN WPP2019	Rwanda	646	RWA	RW	7933688	8231150	8427061	8557160	8680516	8840220	9043342	9273759	9524532	9782770	10039338	10293333	10549668	10811538	11083629	11369066	11668829	11980960	12301969	12626938	12952209	13276517	13600466	13924498	14249748	14576991	14906021	15236259	15567728	15900437	16234390
Réunion	UN WPP2019	Réunion	638	REU	RE	736714	748653	760250	771377	781861	791598	800533	808728	816325	823529	830507	837336	843984	850506	856960	863359	869742	876131	882531	888932	895308	901696	908063	914382	920614	926707	932636	938416	944038	949497	954814
Saint Helena	UN WPP2019	Saint Helena	654	SHN	SH	6054	5944	5799	5644	5489	5354	5261	5184	5153	5135	5183	5281	5416	5583	5737	5869	5958	6008	6039	6061	6071	6095	6108	6125	6135	6147	6158	6158	6169	6169	6174
Saint Pierre and Miquelon	UN WPP2019	Saint Pierre and Miquelon	666	SPM	PM	6298	6255	6207	6150	6118	6113	6160	6220	6286	6343	6361	6323	6251	6168	6073	5992	5933	5885	5845	5821	5795	5771	5757	5751	5732	5728	5714	5703	5695	5687	5675
Saint Vincent and the Grenadines	UN WPP2019	Saint Vincent and the Grenadines	670	VCT	VC	107787	107893	108095	108322	108520	108617	108602	108516	108401	108293	108260	108315	108435	108624	108868	109135	109467	109826	110210	110593	110947	111269	111552	111806	112044	112265	112472	112637	112803	112935	113041
Samoa	UN WPP2019	Samoa	882	WSM	WS	174454	175394	176410	177481	178597	179722	180874	182045	183270	184553	185944	187469	189089	190712	192220	193510	194540	195358	196128	197093	198410	200144	202241	204568	206972	209323	211573	213790	215968	218152	220368
San Marino	UN WPP2019	San Marino	674	SMR	SM	27460	27818	28175	28561	28942	29324	29694	30068	30434	30825	31221	31655	32103	32555	32941	33270	33503	33671	33784	33864	33938	34010	34076	34153	34203	34252	34298	34341	34365	34395	34412
Sao Tome and Principe	UN WPP2019	Sao Tome and Principe	678	STP	ST	142264	144760	147450	150405	153736	157472	161676	166297	171122	175877	180372	184521	188394	192076	195727	199439	203221	207086	211032	215048	219161	223364	227679	232132	236760	241576	246586	251792	257157	262653	268242
Saudi Arabia	UN WPP2019	Saudi Arabia	682	SAU	SA	20663840	21202646	21805322	22456645	23132686	23816175	24498313	25184589	25888535	26630303	27421468	28267591	29154906	30052058	30916603	31717676	32443443	33101183	33702757	34268529	34813867	35340680	35844913	36329422	36796733	37248922	37688056	38115319	38530653	38933198	39322336
Senegal	UN WPP2019	Senegal	686	SEN	SN	9797731	10036102	10283694	10541470	10810086	11090123	11382272	11687078	12004700	12335092	12678143	13033814	13401990	13782429	14174740	14578450	14993514	15419354	15854324	16296362	16743930	17196308	17653669	18116526	18585815	19062244	19545826	20036323	20533936	21038921	21551461
Serbia	UN WPP2019	Serbia	688	SRB	RS	9487612	9410769	9346464	9292232	9242643	9193818	9145913	9101189	9060105	9023354	8991258	8963761	8940116	8918892	8898284	8876777	8853963	8829623	8802741	8772228	8737370	8697547	8653017	8604998	8555295	8505249	8455287	8405107	8354505	8303050	8250434
Seychelles	UN WPP2019	Seychelles	690	SYC	SC	80998	82413	84077	85807	87388	88652	89528	90082	90450	90788	91273	91882	92608	93397	94214	94981	95711	96418	97094	97741	98340	98910	99433	99912	100357	100783	101175	101548	101889	102229	102538
Sierra Leone	UN WPP2019	Sierra Leone	694	SLE	SL	4584570	4754069	4965770	5201074	5433995	5645629	5829240	5989641	6133599	6272735	6415636	6563238	6712586	6863975	7017153	7171909	7328846	7488427	7650149	7813207	7976985	8141343	8306442	8472212	8638684	8805824	8973539	9141700	9310309	9479307	9648679
Singapore	UN WPP2019	Singapore	702	SGP	SG	4028872	4077150	4104407	4129227	4177202	4265693	4402324	4578629	4775810	4966614	5131170	5263640	5369469	5453732	5525628	5592143	5653625	5708042	5757503	5804343	5850343	5896684	5943551	5990292	6035675	6078760	6119586	6158533	6195443	6230132	6262465
Sint Maarten (Dutch part)	UN WPP2019	Sint Maarten (Dutch part)	534	SXM	SX	32564	32782	32990	33195	33342	33436	33452	33406	33424	33650	34166	35050	36238	37580	38872	39967	40812	41444	41936	42389	42882	43421	43970	44540	45091	45632	46145	46656	47149	47614	48074
Slovakia	UN WPP2019	Slovakia	703	SVK	SK	5399207	5399995	5400124	5399844	5399374	5398962	5398674	5398693	5399362	5401149	5404293	5408932	5414894	5421721	5428798	5435614	5442001	5447903	5453017	5457012	5459643	5460726	5460193	5458099	5454536	5449605	5443292	5435539	5426330	5415615	5403406
Slovenia	UN WPP2019	Slovenia	705	SVN	SI	1987710	1987457	1987265	1987855	1990226	1994979	2002427	2012128	2023049	2033807	2043336	2051278	2057826	2063120	2067488	2071199	2074205	2076395	2077836	2078654	2078932	2078723	2078031	2076868	2075216	2073067	2070441	2067401	2063970	2060220	2056201
Solomon Islands	UN WPP2019	Solomon Islands	90	SLB	SB	412665	423949	435434	447016	458549	469918	481086	492133	503366	515182	527861	541522	556066	571329	587079	603133	619438	636030	652856	669821	686878	703995	721164	738416	755823	773422	791210	809198	827409	845872	864603
Somalia	UN WPP2019	Somalia	706	SOM	SO	8872250	9186719	9501335	9815412	10130251	10446856	10763904	11080122	11397188	11717691	12043886	12376305	12715487	13063711	13423571	13797204	14185635	14589165	15008225	15442906	15893219	16359500	16841805	17339387	17851255	18376519	18914825	19465985	20029453	20604653	21191041
South Africa	UN WPP2019	South Africa	710	ZAF	ZA	44967713	45571272	46150913	46719203	47291610	47880595	48489464	49119766	49779472	50477013	51216967	52003759	52832659	53687125	54544184	55386369	56207649	57009751	57792520	58558267	59308690	60041996	60756134	61452696	62134218	62802682	63458390	64101027	64731152	65349369	65956090
State of Palestine	UN WPP2019	State of Palestine	275	PSE	PS	3224009	3309908	3380161	3441868	3505320	3577956	3662421	3756459	3856692	3957684	4055632	4149655	4241572	4333521	4428634	4529160	4635644	4747233	4862978	4981422	5101416	5222756	5345545	5469363	5593762	5718415	5843003	5967459	6091897	6216593	6341724
South Sudan	UN WPP2019	South Sudan	728	SSD	SS	6199396	6447791	6688225	6935665	7213354	7535931	7907407	8315144	8736932	9142258	9508372	9830695	10113648	10355030	10554882	10715657	10832520	10910774	10975924	11062114	11193729	11381377	11618517	11891023	12176471	12458298	12733035	13005726	13278371	13555245	13839272
Sudan	UN WPP2019	Sudan	729	SDN	SD	27275019	27971077	28704786	29460517	30214189	30949514	31661824	32360619	33060844	33783779	34545014	35349676	36193781	37072555	37977657	38902948	39847433	40813398	41801532	42813237	43849269	44909351	45992018	47095255	48216429	49353477	50505221	51671307	52851431	54045559	55253531
Suriname	UN WPP2019	Suriname	740	SUR	SR	470944	476574	482228	487938	493680	499461	505292	511181	517122	523114	529126	535177	541247	547295	553278	559136	564883	570501	575987	581363	586634	591798	596838	601750	606533	611190	615703	620092	624340	628440	632399
Sweden	UN WPP2019	Sweden	752	SWE	SE	8881642	8897802	8920703	8951439	8990653	9038627	9096170	9162941	9236433	9313085	9390157	9466705	9542817	9618016	9692137	9764949	9836003	9904895	9971630	10036391	10099270	10160159	10218972	10275854	10331079	10384831	10437236	10488223	10537572	10584893	10629973
Syrian Arab Republic	UN WPP2019	Syrian Arab Republic	760	SYR	SY	16410848	16766555	17084628	17415214	17827827	18361178	19059257	19878257	20664037	21205873	21362541	21081814	20438861	19578466	18710711	17997411	17465567	17095669	16945062	17070132	17500657	18275704	19364807	20638284	21915483	23061978	24032609	24851109	25536687	26133770	26676568
Tajikistan	UN WPP2019	Tajikistan	762	TJK	TJ	6216329	6318510	6426861	6541550	6662391	6789318	6922590	7062667	7209924	7364752	7527397	7697507	7874838	8059782	8252828	8454019	8663575	8880270	9100847	9321023	9537642	9749625	9957468	10161632	10363182	10563163	10761454	10958235	11155129	11354291	11557365
Thailand	UN WPP2019	Thailand	764	THA	TH	62952639	63539190	64069093	64549867	64995303	65416189	65812540	66182064	66530980	66866834	67195032	67518379	67835969	68144519	68438748	68714519	68971313	69209817	69428454	69625581	69799978	69950844	70078198	70182829	70266064	70328932	70371639	70394102	70396854	70380496	70345543
Timor-Leste	UN WPP2019	Timor-Leste	626	TLS	TL	884366	901214	922699	947110	971889	995130	1016437	1036388	1055428	1074286	1093517	1113154	1133002	1153288	1174333	1196294	1219289	1243260	1267975	1293120	1318442	1343875	1369431	1395057	1420761	1446509	1472252	1497930	1523490	1548882	1574059
Togo	UN WPP2019	Togo	768	TGO	TG	4924406	5062571	5197040	5330629	5467770	5611643	5762881	5920360	6083417	6250840	6421674	6595939	6773807	6954721	7137997	7323162	7509952	7698476	7889095	8082359	8278737	8478242	8680832	8886635	9095785	9308387	9524455	9743957	9966803	10192832	10421919
Tokelau	UN WPP2019	Tokelau	772	TKL	TK	1550	1506	1438	1348	1265	1213	1165	1143	1134	1126	1129	1138	1163	1191	1217	1247	1276	1297	1318	1330	1350	1368	1378	1384	1397	1410	1424	1423	1427	1440	1448
Tonga	UN WPP2019	Tonga	776	TON	TO	97962	98482	99023	99591	100214	100908	101714	102577	103384	103897	103981	103558	102736	101768	101023	100780	101143	102002	103199	104497	105697	106759	107748	108663	109594	110555	111551	112555	113571	114591	115616
Trinidad and Tobago	UN WPP2019	Trinidad and Tobago	780	TTO	TT	1267159	1271627	1277210	1283564	1290115	1296497	1302552	1308450	1314449	1320921	1328144	1336180	1344814	1353708	1362337	1370332	1377563	1384060	1389841	1394969	1399491	1403374	1406587	1409175	1411184	1412697	1413710	1414229	1414328	1414045	1413413
Tunisia	UN WPP2019	Tunisia	788	TUN	TN	9708347	9793915	9871261	9945282	10022278	10106778	10201211	10304729	10414425	10525691	10635245	10741872	10846993	10952949	11063195	11179951	11303942	11433438	11565203	11694721	11818618	11935764	12046656	12151571	12251378	12346748	12437545	12523465	12604850	12682140	12755764
Turkey	UN WPP2019	Turkey	792	TUR	TR	63240196	64192243	65145357	66089402	67010930	67903461	68756809	69581854	70418612	71321406	72326992	73443254	74651046	75925454	77229262	78529413	79827868	81116451	82340090	83429607	84339067	85042736	85561976	85957260	86316458	86705222	87141802	87612953	88114632	88633179	89157785
Turkmenistan	UN WPP2019	Turkmenistan	795	TKM	TM	4516128	4564087	4610018	4655752	4703396	4754652	4810114	4870142	4935765	5007953	5087211	5174076	5267906	5366376	5466324	5565283	5662371	5757667	5850902	5942094	6031187	6117933	6201947	6283194	6361719	6437594	6510793	6581394	6649838	6716674	6782360
Turks and Caicos Islands	UN WPP2019	Turks and Caicos Islands	796	TCA	TC	20171	21578	23230	25008	26709	28181	29394	30383	31200	31933	32658	33371	34067	34733	35371	35979	36558	37116	37667	38194	38718	39226	39744	40250	40746	41235	41721	42204	42674	43144	43604
Tuvalu	UN WPP2019	Tuvalu	798	TUV	TV	9392	9478	9593	9724	9871	9997	10118	10219	10315	10413	10521	10626	10744	10849	10973	11099	11232	11365	11505	11655	11792	11925	12060	12211	12341	12477	12615	12750	12882	13023	13164
Uganda	UN WPP2019	Uganda	800	UGA	UG	23650159	24388974	25167261	25980547	26821300	27684590	28571475	29486335	30431734	31411096	32428164	33476772	34558700	35694519	36911530	38225447	39649173	41166588	42729032	44269587	45741000	47123533	48432873	49700758	50976034	52294284	53663607	55072388	56513004	57971644	59437922
United Republic of Tanzania	UN WPP2019	United Republic of Tanzania	834	TZA	TZ	33499178	34385849	35334790	36337778	37379766	38450323	39548666	40681416	41853944	43073830	44346532	45673520	47053033	48483132	49960563	51482638	53049231	54660345	56313444	58005461	59734213	61498438	63298542	65136238	67014131	68934158	70896455	72900344	74946005	77033507	79162723
Ukraine	UN WPP2019	Ukraine	804	UKR	UA	48838058	48401648	47980033	47582463	47217489	46890775	46607397	46366347	46158709	45970942	45792086	45619850	45453805	45286988	45111530	44921636	44713708	44487708	44246158	43993643	43733759	43466822	43192120	42911306	42626269	42338589	42049216	41758643	41467225	41175058	40882333
Uruguay	UN WPP2019	Uruguay	858	URY	UY	3319734	3325471	3326046	3323661	3321486	3321799	3325403	3331753	3340221	3349676	3359273	3368926	3378975	3389436	3400439	3412013	3424139	3436645	3449290	3461731	3473727	3485152	3496015	3506374	3516365	3526084	3535506	3544570	3553265	3561577	3569471
United States of America	UN WPP2019	United States of America	840	USA	US	281710914	284607992	287279312	289815567	292354663	294993509	297758977	300608425	303486022	306307565	309011469	311584051	314043885	316400539	318673422	320878312	323015992	325084758	327096263	329064917	331002647	332915074	334805268	336679231	338542562	340399604	342251975	344100699	345947847	347795041	349641876
United States Virgin Islands	UN WPP2019	United States Virgin Islands	850	VIR	VI	108730	108689	108556	108354	108100	107801	107466	107118	106753	106416	106086	105794	105524	105304	105107	104950	104829	104745	104672	104579	104423	104218	103969	103671	103326	102957	102555	102138	101679	101192	100687
Uzbekistan	UN WPP2019	Uzbekistan	860	UZB	UZ	24769955	25108554	25431116	25749109	26077614	26427785	26804067	27204711	27626981	28065469	28515908	28977006	29449415	29932630	30426394	30929556	31441753	31959774	32476232	32981715	33469199	33935765	34382077	34809375	35220460	35617691	36000875	36369777	36726959	37075661	37418450
Venezuela (Bolivarian Republic of)	UN WPP2019	Venezuela (Bolivarian Republic of)	862	VEN	VE	24192449	24646471	25100407	25551624	25996594	26432445	26850190	27247601	27635827	28031010	28439942	28887873	29360827	29781046	30042973	30081827	29851249	29402480	28887117	28515829	28435943	28704947	29266989	30016606	30794030	31481063	32048776	32528081	32931812	33290369	33626459
Vanuatu	UN WPP2019	Vanuatu	548	VUT	VU	184964	189209	193927	198960	204123	209282	214379	219464	224700	230244	236216	242658	249505	256637	263888	271128	278326	285499	292675	299882	307150	314464	321834	329249	336739	344300	351945	359678	367500	375389	383377
Viet Nam	UN WPP2019	Viet Nam	704	VNM	VN	79910411	80742500	81534406	82301650	83062819	83832662	84617545	85419588	86243424	87092250	87967655	88871384	89801926	90752593	91713850	92677082	93640435	94600643	95545959	96462108	97338583	98168829	98953535	99698631	100414087	101106833	101778646	102425785	103043295	103624127	104163523
Wallis and Futuna Islands	UN WPP2019	Wallis and Futuna Islands	876	WLF	WF	14697	14835	14991	15098	15097	14937	14607	14128	13576	13071	12686	12463	12369	12353	12338	12262	12098	11894	11653	11436	11246	11094	10979	10896	10825	10739	10666	10591	10525	10447	10386
Yemen	UN WPP2019	Yemen	887	YEM	YE	17409071	17918369	18443684	18985001	19540096	20107416	20687648	21282514	21892149	22516464	23154854	23807586	24473176	25147112	25823488	26497881	27168210	27834811	28498683	29161922	29825968	30490639	31154866	31818240	32480196	33140299	33798203	34453807	35107076	35758125	36406895
Zambia	UN WPP2019	Zambia	894	ZMB	ZM	10415942	10692197	10971704	11256740	11550641	11856244	12173518	12502958	12848531	13215142	13605986	14023199	14465148	14926551	15399793	15879370	16363449	16853608	17351714	17861034	18383956	18920657	19470238	20032801	20608356	21196793	21798158	22412310	23038732	23676666	24325502
Zimbabwe	UN WPP2019	Zimbabwe	716	ZWE	ZW	11881482	11923906	11954293	11982219	12019911	12076697	12155496	12255920	12379553	12526964	12697728	12894323	13115149	13350378	13586710	13814642	14030338	14236599	14438812	14645473	14862927	15092171	15331426	15581023	15840802	16110485	16390389	16680444	16979330	17285174	17596441
Channel Islands	UN WPP2019	Channel Islands	830	CHI	GG	148439	149097	149591	150070	150722	151674	152999	154644	156441	158187	159718	160990	162051	163039	164107	165387	166922	168666	170496	172264	173859	175244	176461	177559	178606	179667	180738	181830	182909	183973	184992
Åland Islands	https://pxweb.asub.ax/PXWeb/pxweb/en/Statistik/Statistik__BE__Prognoser/BE043.px/table/tableViewLayout1/?rxid=1f816c2d-00ba-4dd3-84ad-03c1ab777544	Åland Islands	248	ALA	AX	25776	26008	26257	26347	26530	26766	26923	27153	27456	27734	28007	28355	28502	28666	28916	28983	29214	29489	29789	30092	30339	30591	30837	31087	31323	31566	31815	32060	32305	32550	32795
Antarctica	https://en.wikipedia.org/wiki/Antarctica	Antarctica	10	ATA	AQ	4400	4400	4400	4400	4400	4400	4400	4400	4400	4400	4400	4400	4400	4400	4400	4400	4400	4400	4400	4400	4400	4400	4400	4400	4400	4400	4400	4400	4400	4400	4400
French Southern Territories	https://en.wikipedia.org/wiki/French_Southern_and_Antarctic_Lands	French Southern Territories	260	ATF	TF	310	310	310	310	310	310	310	310	310	310	310	310	310	310	310	310	310	310	310	310	310	310	310	310	310	310	310	310	310	310	310
Bouvet Island	https://en.wikipedia.org/wiki/Bouvet_Island	Bouvet Island	74	BVT	BV	0	0	0	0	0	0	0	0	0	0	0	0	0	0	0	0	0	0	0	0	0	0	0	0	0	0	0	0	0	0	0
British Indian Ocean Territory	https://en.wikipedia.org/wiki/British_Indian_Ocean_Territory	British Indian Ocean Territory	86	IOT	IO	2500	2500	2500	2500	2500	2500	2500	2500	2500	2500	2500	2500	2500	2500	2500	2500	2500	2500	2500	2500	2500	2500	2500	2500	2500	2500	2500	2500	2500	2500	2500
Cocos (Keeling) Islands	https://en.wikipedia.org/wiki/Cocos_(Keeling)_Islands	Cocos (Keeling) Islands	166	CCK	CC	550	550	550	550	550	550	550	550	550	550	550	550	550	550	550	550	550	550	550	550	550	550	550	550	550	550	550	550	550	550	550
Christmas Island	https://en.wikipedia.org/wiki/Christmas_Island	Christmas Island	162	CXR	CX	1850	1850	1850	1850	1850	1850	1850	1850	1850	1850	1850	1850	1850	1850	1850	1850	1850	1850	1850	1850	1850	1850	1850	1850	1850	1850	1850	1850	1850	1850	1850
Guernsey	https://en.wikipedia.org/wiki/Guernsey	Guernsey	831	GGY	GG	63000	63000	63000	63000	63000	63000	63000	63000	63000	63000	63000	63000	63000	63000	63000	63000	63000	63000	63000	63000	63000	63000	63000	63000	63000	63000	63000	63000	63000	63000	63000
Heard Island and McDonald Islands	https://en.wikipedia.org/wiki/Heard_Island_and_McDonald_Islands	Heard Island and McDonald Islands	334	HMD	HM	0	0	0	0	0	0	0	0	0	0	0	0	0	0	0	0	0	0	0	0	0	0	0	0	0	0	0	0	0	0	0
Jersey	https://en.wikipedia.org/wiki/Jersey	Jersey	832	JEY	JE	106800	106800	106800	106800	106800	106800	106800	106800	106800	106800	106800	106800	106800	106800	106800	106800	106800	106800	106800	106800	106800	106800	106800	106800	106800	106800	106800	106800	106800	106800	106800
Norfolk Island	https://en.wikipedia.org/wiki/Norfolk_Island	Norfolk Island	574	NFK	NF	1748	1748	1748	1748	1748	1748	1748	1748	1748	1748	1748	1748	1748	1748	1748	1748	1748	1748	1748	1748	1748	1748	1748	1748	1748	1748	1748	1748	1748	1748	1748
Pitcairn	https://en.wikipedia.org/wiki/Pitcairn_Islands	Pitcairn	612	PCN	PN	50	50	50	50	50	50	50	50	50	50	50	50	50	50	50	50	50	50	50	50	50	50	50	50	50	50	50	50	50	50	50
South Georgia and the South Sandwich Islands		South Georgia and the South Sandwich Islands	239	SGS	GS	50	50	50	50	50	50	50	50	50	50	50	50	50	50	50	50	50	50	50	50	50	50	50	50	50	50	50	50	50	50	50
Svalbard and Jan Mayen Islands		Svalbard and Jan Mayen Islands	744	SJM	SJ	2600	2600	2600	2600	2600	2600	2600	2600	2600	2600	2600	2600	2600	2600	2600	2600	2600	2600	2600	2600	2600	2600	2600	2600	2600	2600	2600	2600	2600	2600	2600
United States Minor Outlying Islands	https://en.wikipedia.org/wiki/United_States_Minor_Outlying_Islands	United States Minor Outlying Islands	581	UMI	UM	300	300	300	300	300	300	300	300	300	300	300	300	300	300	300	300	300	300	300	300	300	300	300	300	300	300	300	300	300	300	300
Sark	https://en.wikipedia.org/wiki/Sark	Sark				492	492	492	492	492	492	492	492	492	492	492	492	492	492	492	492	492	492	492	492	492	492	492	492	492	492	492	492	492	492	492
United Nations	https://www.unsystem.org/content/hr-nationality	United Nations		ONU	UN	106000	106000	106000	106000	106000	106000	106000	106000	106000	106000	106000	106000	106000	106000	106000	106000	106000	106000	106000	106000	106000	106000	106000	106000	106000	106000	106000	106000	106000	106000	106000
Kosovo	https://en.wikipedia.org/wiki/Demographics_of_Kosovo	Kosovo		XKX	XK	2007219	1946932	1886644	1826356	1766068	1743780	1719536	1733404	1747383	1761474	1775680	1786229	1807126	1818119	1812788	1788274	1777568	1791019	1797086	1789202	1787408	1785614	1783820	1782026	1780232	1778438	1776644	1774850	1773056	1771262	1769468
